{"cameraMode":{"drawMode":0,"name":"Shaded","section":"Shading Mode"},"sceneLighting":false,"audioPlay":false,"sceneViewState":{"showFog":true,"showMaterialUpdate":false,"showSkybox":false,"showFlares":true,"showImageEffects":true,"showParticleSystems":true},"in2DMode":false,"pivot":{"x":-0.00006103515625,"y":6.059967041015625,"z":0.0},"rotation":{"x":-0.18733090162277223,"y":0.09325727820396424,"z":-0.017868613824248315,"w":-0.9776981472969055},"size":0.4330126941204071,"orthographic":false}